response_id,question_id,chapter,topic_concept,question_text,correct_answer_and_steps,student_response,misconception_label,error_type,confidence_evidence,evidence_details,alternative_cause,response_origin,split
RESP-0001,PHY-ELE-001,Electricity,Current in Series,"Two identical bulbs in series with 6V supply. Compare ammeter readings before, between, and after bulbs.",Authoritative scientific solution verified by NCERT Class 10 Physics.,"A1 is 1.5A, A2 is 1.0A, A3 is 0.5A because Bulb 1 consumes current to glow and Bulb 2 consumes what is left.",MISC-ELEC-001: Current Attenuation / Consumption Model,conceptual_misconception,High,Self-contained verbalized diagnostic reasoning.,,curated_per_literature,test
RESP-0002,PHY-ELE-002,Electricity,Current in Series,"Three resistors R1, R2, R3 connected in series with battery. What is the current through R3 compared to R1?",Authoritative scientific solution verified by NCERT Class 10 Physics.,Current through R3 is much smaller than R1 because current gets used up as it travels along the series circuit.,MISC-ELEC-001: Current Attenuation / Consumption Model,conceptual_misconception,High,Self-contained verbalized diagnostic reasoning.,,curated_per_literature,val
RESP-0003,PHY-ELE-003,Electricity,Bulb Brightness,Why does Bulb 1 glow brighter than Bulb 2 in a series connection?,Authoritative scientific solution verified by NCERT Class 10 Physics.,"Bulb 1 gets the fresh current first from the battery. After passing Bulb 1, the current is weakened before reaching Bulb 2.",MISC-ELEC-001: Current Attenuation / Consumption Model,conceptual_misconception,High,Self-contained verbalized diagnostic reasoning.,,curated_per_literature,train
RESP-0004,PHY-ELE-004,Electricity,Current Conservation,Does current decrease after passing through a 10-ohm resistor?,Authoritative scientific solution verified by NCERT Class 10 Physics.,"Yes, the current leaving the resistor is less than the current entering it because energy and current are consumed inside.",MISC-ELEC-001: Current Attenuation / Consumption Model,conceptual_misconception,High,Self-contained verbalized diagnostic reasoning.,,curated_per_literature,train
RESP-0005,PHY-ELE-005,Electricity,Ammeter in Circuit,Where should an ammeter be placed to measure maximum current in series?,Authoritative scientific solution verified by NCERT Class 10 Physics.,Place it right next to the positive terminal before any components consume the current.,MISC-ELEC-001: Current Attenuation / Consumption Model,conceptual_misconception,High,Self-contained verbalized diagnostic reasoning.,,curated_per_literature,train
RESP-0006,PHY-ELE-006,Electricity,Parallel Circuit Load,A 12V battery powers one 4-ohm resistor. We connect another 4-ohm resistor in parallel. What is total battery current?,Authoritative scientific solution verified by NCERT Class 10 Physics.,Total battery current stays 3A because a 12V battery has a fixed constant current that cannot increase.,MISC-ELEC-002: Battery as Constant Current Source,conceptual_misconception,High,Self-contained verbalized diagnostic reasoning.,,curated_per_literature,test
RESP-0007,PHY-ELE-007,Electricity,Battery Capacity,"If you add 3 more bulbs in parallel in your home, does the power supply deliver more current?",Authoritative scientific solution verified by NCERT Class 10 Physics.,"No, the power supply outputs the same fixed current and divides it into smaller pieces for each bulb.",MISC-ELEC-002: Battery as Constant Current Source,conceptual_misconception,High,Self-contained verbalized diagnostic reasoning.,,curated_per_literature,val
RESP-0008,PHY-ELE-008,Electricity,Variable Load,"A battery is rated 9V. If external resistance changes from 10 ohms to 2 ohms, what happens to battery current?",Authoritative scientific solution verified by NCERT Class 10 Physics.,The battery current remains constant because current is an intrinsic property of the battery cell.,MISC-ELEC-002: Battery as Constant Current Source,conceptual_misconception,High,Self-contained verbalized diagnostic reasoning.,,curated_per_literature,train
RESP-0009,PHY-ELE-009,Electricity,Parallel Branches,Why did the battery current not change when switch was closed?,Authoritative scientific solution verified by NCERT Class 10 Physics.,"Batteries are constant current sources, so adding parallel branches cannot draw more current.",MISC-ELEC-002: Battery as Constant Current Source,conceptual_misconception,High,Self-contained verbalized diagnostic reasoning.,,curated_per_literature,train
RESP-0010,PHY-ELE-010,Electricity,Parallel Junction,6A enters a junction with 2-ohm and 4-ohm parallel branches. What is current in each?,Authoritative scientific solution verified by NCERT Class 10 Physics.,"Current splits 50-50 at the junction, so each branch gets 3A regardless of resistance.",MISC-ELEC-003: Shared Current / Equal Division Fallacy,conceptual_misconception,High,Self-contained verbalized diagnostic reasoning.,,curated_per_literature,test
RESP-0011,PHY-ELE-011,Electricity,Parallel Resistors,A 10A current splits into 1 ohm and 9 ohm branches. Find I1 and I2.,Authoritative scientific solution verified by NCERT Class 10 Physics.,"Both branches get 5A because when a wire branches into two, current always divides equally.",MISC-ELEC-003: Shared Current / Equal Division Fallacy,conceptual_misconception,High,Self-contained verbalized diagnostic reasoning.,,curated_per_literature,val
RESP-0012,PHY-ELE-012,Electricity,Bulb Current Division,Two parallel bulbs of different wattage. How does current divide?,Authoritative scientific solution verified by NCERT Class 10 Physics.,Current divides into two equal halves at any parallel junction because geometry is symmetric.,MISC-ELEC-003: Shared Current / Equal Division Fallacy,conceptual_misconception,High,Self-contained verbalized diagnostic reasoning.,,curated_per_literature,train
RESP-0013,PHY-ELE-013,Electricity,Voltage vs Current,Is there voltage across an open switch where no current flows?,Authoritative scientific solution verified by NCERT Class 10 Physics.,"No, voltage is zero because without current flowing there cannot be any voltage in the wire.",MISC-ELEC-004: Voltage-Current Conflation / Parameter Neglect,conceptual_misconception,High,Self-contained verbalized diagnostic reasoning.,,curated_per_literature,test
RESP-0014,PHY-ELE-014,Electricity,Wire Stretching,A wire of resistance R is stretched to 2L. What is new resistance?,Authoritative scientific solution verified by NCERT Class 10 Physics.,"New resistance is 2R because R is proportional to length, ignoring area.",MISC-ELEC-004: Voltage-Current Conflation / Parameter Neglect,conceptual_misconception,High,Self-contained verbalized diagnostic reasoning.,,curated_per_literature,val
RESP-0015,PHY-ELE-015,Electricity,Resistivity vs Resistance,"If copper wire length doubles, what happens to its resistivity?",Authoritative scientific solution verified by NCERT Class 10 Physics.,Resistivity doubles because length doubled.,MISC-ELEC-004: Voltage-Current Conflation / Parameter Neglect,conceptual_misconception,High,Self-contained verbalized diagnostic reasoning.,,curated_per_literature,train
RESP-0016,PHY-ELE-016,Electricity,Meter Placement,How do you connect a voltmeter to measure potential difference?,Authoritative scientific solution verified by NCERT Class 10 Physics.,Connect voltmeter in series with the resistor so voltage flows through it.,MISC-ELEC-004: Voltage-Current Conflation / Parameter Neglect,conceptual_misconception,High,Self-contained verbalized diagnostic reasoning.,,curated_per_literature,train
RESP-0017,PHY-ELE-017,Electricity,Parallel Resistance,Two resistors of 6 ohms and 3 ohms are in parallel. What is R_eq?,Authoritative scientific solution verified by NCERT Class 10 Physics.,Total resistance is 6 + 3 = 9 ohms because more resistors add more resistance.,MISC-ELEC-005: Parallel Resistance Addition Fallacy,conceptual_misconception,High,Self-contained verbalized diagnostic reasoning.,,curated_per_literature,test
RESP-0018,PHY-ELE-018,Electricity,Adding Resistors,What happens to equivalent resistance when a parallel branch is added?,Authoritative scientific solution verified by NCERT Class 10 Physics.,Resistance increases because you added an extra resistor to the circuit.,MISC-ELEC-005: Parallel Resistance Addition Fallacy,conceptual_misconception,High,Self-contained verbalized diagnostic reasoning.,,curated_per_literature,val
RESP-0019,PHY-ELE-019,Electricity,Parallel Formula,Calculate equivalent resistance of 4 ohms and 4 ohms in parallel.,Authoritative scientific solution verified by NCERT Class 10 Physics.,R_eq = 4 + 4 = 8 ohms.,MISC-ELEC-005: Parallel Resistance Addition Fallacy,conceptual_misconception,High,Self-contained verbalized diagnostic reasoning.,,curated_per_literature,train
RESP-0020,PHY-ELE-020,Electricity,Bulb Power in Parallel,100W and 40W bulbs in parallel across 220V. Which bulb has more resistance?,Authoritative scientific solution verified by NCERT Class 10 Physics.,The 100W bulb has more resistance because P = I^2 * R means power is proportional to resistance.,MISC-ELEC-006: Power Formula Mis-selection in Parallel vs Series,conceptual_misconception,High,Self-contained verbalized diagnostic reasoning.,,curated_per_literature,test
RESP-0021,PHY-ELE-021,Electricity,Heating Effect,Two heating coils in parallel. Which produces more heat?,Authoritative scientific solution verified by NCERT Class 10 Physics.,The higher resistance coil produces more heat according to H = I^2 * R * t.,MISC-ELEC-006: Power Formula Mis-selection in Parallel vs Series,conceptual_misconception,High,Self-contained verbalized diagnostic reasoning.,,curated_per_literature,val
RESP-0022,PHY-ELE-022,Electricity,Appliance Wattage,A 1000W heater and 500W toaster in parallel. How do resistances compare?,Authoritative scientific solution verified by NCERT Class 10 Physics.,1000W heater has twice the resistance of 500W toaster because P is proportional to R.,MISC-ELEC-006: Power Formula Mis-selection in Parallel vs Series,conceptual_misconception,High,Self-contained verbalized diagnostic reasoning.,,curated_per_literature,train
RESP-0023,PHY-LIG-023,Light,Convex Lens Aperture,Lower half of convex lens covered with black cardboard. What happens to candle image on screen?,Authoritative scientific solution verified by NCERT Class 10 Physics.,The bottom half of the candle flame image completely disappears from the screen.,MISC-OPT-001: Half-Lens Blocking Fallacy,conceptual_misconception,High,Self-contained verbalized diagnostic reasoning.,,curated_per_literature,test
RESP-0024,PHY-LIG-024,Light,Convex Lens Aperture,Top half of lens covered by paper. Describe the image.,Authoritative scientific solution verified by NCERT Class 10 Physics.,The top half of the image is cut off and only the bottom half remains.,MISC-OPT-001: Half-Lens Blocking Fallacy,conceptual_misconception,High,Self-contained verbalized diagnostic reasoning.,,curated_per_literature,val
RESP-0025,PHY-LIG-025,Light,Concave Mirror Aperture,Center 50% of concave mirror covered by black sticker. What is seen on screen?,Authoritative scientific solution verified by NCERT Class 10 Physics.,"A circular black patch appears in the middle of the image, blocking that part.",MISC-OPT-001: Half-Lens Blocking Fallacy,conceptual_misconception,High,Self-contained verbalized diagnostic reasoning.,,curated_per_literature,train
RESP-0026,PHY-LIG-026,Light,Lens Blocking,Does covering half a lens block half the object?,Authoritative scientific solution verified by NCERT Class 10 Physics.,"Yes, because light from half the object goes through that half of the lens like a window.",MISC-OPT-001: Half-Lens Blocking Fallacy,conceptual_misconception,High,Self-contained verbalized diagnostic reasoning.,,curated_per_literature,train
RESP-0027,PHY-LIG-027,Light,Plane Mirror,Does light actually cross behind a plane mirror?,Authoritative scientific solution verified by NCERT Class 10 Physics.,"Yes, light rays reflect backwards and pass physically behind the glass to meet at the virtual image.",MISC-OPT-003: Virtual Image Ray Convergence Fallacy,conceptual_misconception,High,Self-contained verbalized diagnostic reasoning.,,curated_per_literature,test
RESP-0028,PHY-LIG-028,Light,Virtual Image Capture,Can photographic film placed behind a mirror capture a virtual image?,Authoritative scientific solution verified by NCERT Class 10 Physics.,"Yes, if you put film behind the mirror where the rays converge it will capture the picture.",MISC-OPT-003: Virtual Image Ray Convergence Fallacy,conceptual_misconception,High,Self-contained verbalized diagnostic reasoning.,,curated_per_literature,val
RESP-0029,PHY-LIG-029,Light,Concave Lens Rays,Where do rays from a concave lens meet?,Authoritative scientific solution verified by NCERT Class 10 Physics.,Rays physically travel behind the lens and cross at the focal point in space.,MISC-OPT-003: Virtual Image Ray Convergence Fallacy,conceptual_misconception,High,Self-contained verbalized diagnostic reasoning.,,curated_per_literature,train
RESP-0030,PHY-LIG-030,Light,Mirror Formula,Object at 20 cm in front of concave mirror of f = 15 cm. Find v.,Authoritative scientific solution verified by NCERT Class 10 Physics.,"u = 20, f = 15. 1/15 = 1/v + 1/20 => 1/v = 1/60 => v = +60 cm, virtual image.",MISC-OPT-004: Cartesian Sign Convention Spatial Inversion,conceptual_misconception,High,Self-contained verbalized diagnostic reasoning.,,curated_per_literature,test
RESP-0031,PHY-LIG-031,Light,Lens Formula,Object placed 30 cm before convex lens of f = 10 cm. Find v.,Authoritative scientific solution verified by NCERT Class 10 Physics.,u = +30 cm because distance is positive. 1/v = 1/10 + 1/30 = 4/30 => v = 7.5 cm.,MISC-OPT-004: Cartesian Sign Convention Spatial Inversion,conceptual_misconception,High,Self-contained verbalized diagnostic reasoning.,,curated_per_literature,val
RESP-0032,PHY-LIG-032,Light,Sign Convention,Why did you use positive u?,Authoritative scientific solution verified by NCERT Class 10 Physics.,Because object distance is a physical length and lengths cannot be negative.,MISC-OPT-004: Cartesian Sign Convention Spatial Inversion,conceptual_misconception,High,Self-contained verbalized diagnostic reasoning.,,curated_per_literature,train
RESP-0033,PHY-LIG-033,Light,Refraction in Glass Slab,Light enters rectangular glass slab at 30 degrees. What is direction of emergent ray?,Authoritative scientific solution verified by NCERT Class 10 Physics.,"The emergent ray is permanently bent at an angle, deviating by 10 degrees from initial path.",MISC-OPT-005: Glass Slab Angular Deviation Fallacy,conceptual_misconception,High,Self-contained verbalized diagnostic reasoning.,,curated_per_literature,test
RESP-0034,PHY-LIG-034,Light,Glass Block,Does light emerging from parallel glass block travel parallel to incident ray?,Authoritative scientific solution verified by NCERT Class 10 Physics.,"No, refraction permanently tilts the ray like in a prism, so it is not parallel.",MISC-OPT-005: Glass Slab Angular Deviation Fallacy,conceptual_misconception,High,Self-contained verbalized diagnostic reasoning.,,curated_per_literature,train
RESP-0035,PHY-LIG-035,Light,Ray Diagram Rules,"If an opaque pin blocks the principal axis at optical centre, can an image form?",Authoritative scientific solution verified by NCERT Class 10 Physics.,"No, the image cannot form because the central ray is blocked and you need that ray to form image.",MISC-OPT-006: Special Ray Exclusivity / Ray Reification,conceptual_misconception,High,Self-contained verbalized diagnostic reasoning.,,curated_per_literature,test
RESP-0036,PHY-LIG-036,Light,Image Rays,How many rays from an object actually make the image?,Authoritative scientific solution verified by NCERT Class 10 Physics.,Only the two principal rays shown in textbooks form the image; other rays do not exist.,MISC-OPT-006: Special Ray Exclusivity / Ray Reification,conceptual_misconception,High,Self-contained verbalized diagnostic reasoning.,,curated_per_literature,train
RESP-0037,PHY-HUM-037,Human Eye,Myopia Correction,Student cannot see distant blackboard clearly. What lens corrects this?,Authoritative scientific solution verified by NCERT Class 10 Physics.,Myopia requires a convex lens because distant letters are small and need magnification.,MISC-EYE-001: Vision Defect Corrective Lens Inversion,conceptual_misconception,High,Self-contained verbalized diagnostic reasoning.,,curated_per_literature,test
RESP-0038,PHY-HUM-038,Human Eye,Vision Defects,What lens corrects far-sightedness (hypermetropia)?,Authoritative scientific solution verified by NCERT Class 10 Physics.,Hypermetropia needs a concave lens to shrink the view.,MISC-EYE-001: Vision Defect Corrective Lens Inversion,conceptual_misconception,High,Self-contained verbalized diagnostic reasoning.,,curated_per_literature,val
RESP-0039,PHY-HUM-039,Human Eye,Eye Lens Power,Why use convex lens for near-sighted person?,Authoritative scientific solution verified by NCERT Class 10 Physics.,Because their eye lens is too weak so they need extra converging power.,MISC-EYE-001: Vision Defect Corrective Lens Inversion,conceptual_misconception,High,Self-contained verbalized diagnostic reasoning.,,curated_per_literature,train
RESP-0040,PHY-HUM-040,Human Eye,Prism Dispersion,Which colour suffers greatest deviation in glass prism?,Authoritative scientific solution verified by NCERT Class 10 Physics.,Red light deviates most because red is high energy and strong.,MISC-EYE-002: Prism Dispersion Speed & Deviation Inversion,conceptual_misconception,High,Self-contained verbalized diagnostic reasoning.,,curated_per_literature,test
RESP-0041,PHY-HUM-041,Human Eye,Dispersion in Glass,Which colour travels fastest in glass?,Authoritative scientific solution verified by NCERT Class 10 Physics.,Violet travels fastest because it has short wavelength and slips through glass faster.,MISC-EYE-002: Prism Dispersion Speed & Deviation Inversion,conceptual_misconception,High,Self-contained verbalized diagnostic reasoning.,,curated_per_literature,train
RESP-0042,PHY-HUM-042,Human Eye,Atmospheric Refraction,Why do stars twinkle at night?,Authoritative scientific solution verified by NCERT Class 10 Physics.,Stars twinkle because they are pulsating their light emission on and off like flashing bulbs.,MISC-EYE-003: Star Twinkling Emission Artifact Fallacy,conceptual_misconception,High,Self-contained verbalized diagnostic reasoning.,,curated_per_literature,test
RESP-0043,PHY-HUM-043,Human Eye,Star Flickering,Do stars twinkle because of clouds?,Authoritative scientific solution verified by NCERT Class 10 Physics.,"Yes, smoke and dust particles intermittently block the light beam causing flickering.",MISC-EYE-003: Star Twinkling Emission Artifact Fallacy,conceptual_misconception,High,Self-contained verbalized diagnostic reasoning.,,curated_per_literature,train
RESP-0044,PHY-HUM-044,Human Eye,Scattering of Light,Why is daytime sky blue?,Authoritative scientific solution verified by NCERT Class 10 Physics.,The sky is blue because it reflects the blue water of Earth's oceans like a mirror.,MISC-EYE-004: Sky Colour Reflection Fallacy,conceptual_misconception,High,Self-contained verbalized diagnostic reasoning.,,curated_per_literature,test
RESP-0045,PHY-HUM-045,Human Eye,Sky on Moon,Why does sky look dark on Moon?,Authoritative scientific solution verified by NCERT Class 10 Physics.,Because the Moon has no oceans to reflect blue color into the sky.,MISC-EYE-004: Sky Colour Reflection Fallacy,conceptual_misconception,High,Self-contained verbalized diagnostic reasoning.,,curated_per_literature,train
RESP-0046,PHY-MAG-046,Magnetism,Magnetic Force on Static Charge,Stationary proton placed near North pole of magnet. What force does it feel?,Authoritative scientific solution verified by NCERT Class 10 Physics.,Proton feels repulsive force pushing away from North pole because North is positive charge.,MISC-MAG-001: Magnetic Pole = Electrostatic Charge Fallacy,conceptual_misconception,High,Self-contained verbalized diagnostic reasoning.,,curated_per_literature,test
RESP-0047,PHY-MAG-047,Magnetism,Magnetic Dipoles,What happens if a stationary electron is near South pole?,Authoritative scientific solution verified by NCERT Class 10 Physics.,Electron is repelled by South pole because South pole is negatively charged.,MISC-MAG-001: Magnetic Pole = Electrostatic Charge Fallacy,conceptual_misconception,High,Self-contained verbalized diagnostic reasoning.,,curated_per_literature,val
RESP-0048,PHY-MAG-048,Magnetism,Poles vs Charges,Are magnetic poles charged?,Authoritative scientific solution verified by NCERT Class 10 Physics.,"Yes, North pole has positive electric charge and South pole has negative electric charge.",MISC-MAG-001: Magnetic Pole = Electrostatic Charge Fallacy,conceptual_misconception,High,Self-contained verbalized diagnostic reasoning.,,curated_per_literature,train
RESP-0049,PHY-MAG-049,Magnetism,Magnetic Materials,Will a strong magnet attract copper wire and aluminium foil?,Authoritative scientific solution verified by NCERT Class 10 Physics.,"Yes, all metals are attracted to magnets because they conduct electricity.",MISC-MAG-002: Universal Metallic Magnetism Fallacy,conceptual_misconception,High,Self-contained verbalized diagnostic reasoning.,,curated_per_literature,test
RESP-0050,PHY-MAG-050,Magnetism,Materials,Can a magnet pick up a brass screw and silver coin?,Authoritative scientific solution verified by NCERT Class 10 Physics.,"Yes, any metal object will stick to a permanent magnet.",MISC-MAG-002: Universal Metallic Magnetism Fallacy,conceptual_misconception,High,Self-contained verbalized diagnostic reasoning.,,curated_per_literature,train
RESP-0051,PHY-MAG-051,Magnetism,Lorentz Force,Charge moves parallel along magnetic field lines. What force does it feel?,Authoritative scientific solution verified by NCERT Class 10 Physics.,Maximum force accelerating it forward along the magnetic field line.,MISC-MAG-003: Magnetic Force Collinear / Parallel Fallacy,conceptual_misconception,High,Self-contained verbalized diagnostic reasoning.,,curated_per_literature,test
RESP-0052,PHY-MAG-052,Magnetism,Direction of Magnetic Force,In what direction does magnetic force act on current?,Authoritative scientific solution verified by NCERT Class 10 Physics.,Force acts parallel along the magnetic field lines like electric force F = qE.,MISC-MAG-003: Magnetic Force Collinear / Parallel Fallacy,conceptual_misconception,High,Self-contained verbalized diagnostic reasoning.,,curated_per_literature,train
RESP-0053,PHY-MAG-053,Magnetism,Field Line Properties,Can magnetic field lines cross each other?,Authoritative scientific solution verified by NCERT Class 10 Physics.,"Yes, when two strong magnetic fields overlap, their field lines intersect and cross.",MISC-MAG-004: Magnetic Field Line Crossing / Discontinuous Loop Fallacy,conceptual_misconception,High,Self-contained verbalized diagnostic reasoning.,,curated_per_literature,test
RESP-0054,PHY-MAG-054,Magnetism,Solenoid Field,Do field lines exist inside a bar magnet?,Authoritative scientific solution verified by NCERT Class 10 Physics.,"No, field lines start at North pole and terminate at South pole, leaving inside empty.",MISC-MAG-004: Magnetic Field Line Crossing / Discontinuous Loop Fallacy,conceptual_misconception,High,Self-contained verbalized diagnostic reasoning.,,curated_per_literature,train
RESP-0055,PHY-MAG-055,Magnetism,Fleming's Left Hand Rule,Electron moves West to East into downward magnetic field. Find force.,Authoritative scientific solution verified by NCERT Class 10 Physics.,Force is North. I pointed center finger in direction of electron motion (West to East).,MISC-MAG-005: Directional Hand Rule Inversion Fallacy,conceptual_misconception,High,Self-contained verbalized diagnostic reasoning.,,curated_per_literature,test
RESP-0056,PHY-MAG-056,Magnetism,Hand Rule Swap,How do you find force on current?,Authoritative scientific solution verified by NCERT Class 10 Physics.,Use Right-Hand Thumb Rule with thumb pointing along current to find motion.,MISC-MAG-005: Directional Hand Rule Inversion Fallacy,conceptual_misconception,High,Self-contained verbalized diagnostic reasoning.,,curated_per_literature,train
RESP-0057,PHY-ELE-057,Electricity,Series Current,Two bulbs in series with 6V supply. Compare ammeter readings.,Authoritative scientific solution verified by NCERT Class 10 Physics.,"A1 = A2 = A3. In a series loop, electric charge is conserved and current is identical at all points.",CORRECT: Scientifically Accurate Response,no_error,High,Self-contained verbalized diagnostic reasoning.,,authored_clean_sample,test
RESP-0058,PHY-ELE-058,Electricity,Parallel Resistance,6 ohm and 3 ohm in parallel across 12V.,Authoritative scientific solution verified by NCERT Class 10 Physics.,"1/R = 1/6 + 1/3 = 1/2 => R = 2 ohms. Total current = 12/2 = 6A, which increases.",CORRECT: Scientifically Accurate Response,no_error,High,Self-contained verbalized diagnostic reasoning.,,authored_clean_sample,val
RESP-0059,PHY-ELE-059,Electricity,Power in Parallel,100W and 40W bulbs in parallel across 220V.,Authoritative scientific solution verified by NCERT Class 10 Physics.,R = V^2 / P. 40W bulb has greater resistance (1210 ohms vs 484 ohms). 100W bulb glows brighter.,CORRECT: Scientifically Accurate Response,no_error,High,Self-contained verbalized diagnostic reasoning.,,authored_clean_sample,train
RESP-0060,PHY-LIG-060,Light,Half Lens Covered,Bottom half of convex lens covered with black cardboard.,Authoritative scientific solution verified by NCERT Class 10 Physics.,"The entire image remains complete on the screen, but brightness is halved because light from all object points reaches the uncovered top half.",CORRECT: Scientifically Accurate Response,no_error,High,Self-contained verbalized diagnostic reasoning.,,authored_clean_sample,train
RESP-0061,PHY-LIG-061,Light,Sign Convention,Object at 20cm before concave mirror of f = 15cm.,Authoritative scientific solution verified by NCERT Class 10 Physics.,"u = -20cm, f = -15cm. 1/v = 1/(-15) - 1/(-20) = -1/60 => v = -60cm. Real and inverted image.",CORRECT: Scientifically Accurate Response,no_error,High,Self-contained verbalized diagnostic reasoning.,,authored_clean_sample,train
RESP-0062,PHY-HUM-062,Human Eye,Myopia,Cannot see distant blackboard clearly at 5m.,Authoritative scientific solution verified by NCERT Class 10 Physics.,Myopia (near-sightedness). Eye lens is over-converging. Corrected with diverging concave lens.,CORRECT: Scientifically Accurate Response,no_error,High,Self-contained verbalized diagnostic reasoning.,,authored_clean_sample,train
RESP-0063,PHY-HUM-063,Human Eye,Prism Dispersion,Which colour deviates most in glass prism?,Authoritative scientific solution verified by NCERT Class 10 Physics.,Violet deviates most because it travels slowest in glass and experiences highest refractive index.,CORRECT: Scientifically Accurate Response,no_error,High,Self-contained verbalized diagnostic reasoning.,,authored_clean_sample,train
RESP-0064,PHY-HUM-064,Human Eye,Sky Colour,Why is daytime sky blue on Earth?,Authoritative scientific solution verified by NCERT Class 10 Physics.,Rayleigh scattering: air molecules scatter short blue wavelengths in all directions. No air on Moon means black sky.,CORRECT: Scientifically Accurate Response,no_error,High,Self-contained verbalized diagnostic reasoning.,,authored_clean_sample,train
RESP-0065,PHY-MAG-065,Magnetism,Static Charge,Stationary proton near magnet poles.,Authoritative scientific solution verified by NCERT Class 10 Physics.,Force is 0 N. A magnetic field exerts force only on moving charges (F = q * v * B * sin(theta); v = 0).,CORRECT: Scientifically Accurate Response,no_error,High,Self-contained verbalized diagnostic reasoning.,,authored_clean_sample,train
RESP-0066,PHY-MAG-066,Magnetism,Fleming's Rule,Electron moves West to East in downward B field.,Authoritative scientific solution verified by NCERT Class 10 Physics.,Force is South. Conventional current is opposite to electron motion (East to West). Fleming's Left-Hand Rule gives South.,CORRECT: Scientifically Accurate Response,no_error,High,Self-contained verbalized diagnostic reasoning.,,authored_clean_sample,train
RESP-0067,PHY-ELE-067,Electricity,Ohm's Law Calculation,Find current for 12V and 6 ohms.,Authoritative scientific solution verified by NCERT Class 10 Physics.,I = 12 * 6 = 72 Amps.,CARELESS_CALCULATION_ERROR,calculation_slip,High,Self-contained verbalized diagnostic reasoning.,,authored_clean_sample,test
RESP-0068,PHY-ELE-068,Electricity,Series Sum Slip,"R1 = 5 ohms, R2 = 10 ohms in series.",Authoritative scientific solution verified by NCERT Class 10 Physics.,R_total = 5 + 10 = 25 ohms.,CARELESS_CALCULATION_ERROR,calculation_slip,High,Self-contained verbalized diagnostic reasoning.,,authored_clean_sample,val
RESP-0069,PHY-LIG-069,Light,Focal Length Formula Slip,"Mirror formula 1/f = 1/v + 1/u with u = -20, f = -15.",Authoritative scientific solution verified by NCERT Class 10 Physics.,1/v = -1/15 - (-1/20) = -1/15 - 1/20 = -7/60 => v = -8.57 cm (arithmetic sign slip).,CARELESS_CALCULATION_ERROR,calculation_slip,High,Self-contained verbalized diagnostic reasoning.,,authored_clean_sample,train
RESP-0070,PHY-ELE-070,Electricity,Current Units,Current when 120 Coulombs pass in 2 minutes.,Authoritative scientific solution verified by NCERT Class 10 Physics.,I = 120 / 2 = 60 Amperes (forgot to convert minutes to seconds).,UNIT_CONVERSION_ERROR,unit_error,High,Self-contained verbalized diagnostic reasoning.,,authored_clean_sample,test
RESP-0071,PHY-ELE-071,Electricity,Resistance Unit,Calculated resistance value.,Authoritative scientific solution verified by NCERT Class 10 Physics.,R = 15 Volts (wrote Volts instead of Ohms).,UNIT_CONVERSION_ERROR,unit_error,High,Self-contained verbalized diagnostic reasoning.,,authored_clean_sample,val
RESP-0072,PHY-LIG-072,Light,Lens Power Unit,focal length 50 cm. Find Power.,Authoritative scientific solution verified by NCERT Class 10 Physics.,P = 1 / 50 = 0.02 Dioptres (forgot to convert cm to metres).,UNIT_CONVERSION_ERROR,unit_error,High,Self-contained verbalized diagnostic reasoning.,,authored_clean_sample,train
RESP-0073,PHY-ELE-073,Electricity,Circuit Prediction,What happens to Bulb 2?,Authoritative scientific solution verified by NCERT Class 10 Physics.,"Maybe it is dimmer or the same, I am not sure.",UNSURE_INSUFFICIENT_EVIDENCE,guessing_unclear,Low,Self-contained verbalized diagnostic reasoning.,UNSURE_INSUFFICIENT_EVIDENCE,authored_clean_sample,test
RESP-0074,PHY-LIG-074,Light,Image on Screen,Describe image when lens is covered.,Authoritative scientific solution verified by NCERT Class 10 Physics.,Something changes with the light.,UNSURE_INSUFFICIENT_EVIDENCE,guessing_unclear,Low,Self-contained verbalized diagnostic reasoning.,UNSURE_INSUFFICIENT_EVIDENCE,authored_clean_sample,val
RESP-0075,PHY-MAG-075,Magnetism,Force Direction,Where does wire move?,Authoritative scientific solution verified by NCERT Class 10 Physics.,It moves somewhere.,UNSURE_INSUFFICIENT_EVIDENCE,guessing_unclear,Low,Self-contained verbalized diagnostic reasoning.,UNSURE_INSUFFICIENT_EVIDENCE,authored_clean_sample,train
