sequence_id,student_id,topic,total_steps,responses_sequence,individual_diagnoses_sequence,sequence_pattern_label,learning_status,split
SEQ-001,STU_200,Motion: Kinematics Operations,3,Step 1: 500 m/s; multiplied distance by time -> Step 2: 4500 m/s; speed = distance * time -> Step 3: 5000 m/s; distance * time,MISC-MOT-001: Speed Distance Operation Inversion -> MISC-MOT-001: Speed Distance Operation Inversion -> MISC-MOT-001: Speed Distance Operation Inversion,RECURRENT_SPEED_DISTANCE_INVERSION_PATTERN,UNRESOLVED_PERSISTENT_MISCONCEPTION,train
SEQ-002,STU_201,Motion: Speed vs Acceleration,2,Step 1: 20 m/s^2 because it is moving fast -> Step 2: 72 km/h^2 because high speed means acceleration,MISC-MOT-002: Speed-Acceleration Conflation -> MISC-MOT-002: Speed-Acceleration Conflation,RECURRENT_SPEED_ACCELERATION_CONFLATION,UNRESOLVED_PERSISTENT_MISCONCEPTION,train
SEQ-003,STU_202,Force & Laws of Motion: Inertia,2,"Step 1: Requires continuous force, otherwise it stops -> Step 2: Forward force must push it",MISC-FOR-001: Impetus Theory / Continuous Force Fallacy -> MISC-FOR-001: Impetus Theory / Continuous Force Fallacy,RECURRENT_IMPETUS_THEORY_PATTERN,UNRESOLVED_PERSISTENT_MISCONCEPTION,train
SEQ-004,STU_203,Gravitation: Free Fall Mass Independence,3,Step 1: 10 kg ball hits first because heavier falls faster -> Step 2: Both fall at exact same rate g = 9.8 m/s^2! Mass cancels out in a = F/m. -> Step 3: Both hit lunar surface simultaneously because acceleration g is independent of mass.,MISC-GRAV-001: Heavier Objects Fall Faster Fallacy -> COGNITIVE_CONFLICT_RECONCILED -> CORRECT: Scientifically Accurate Response,SUCCESSFUL_COGNITIVE_REMEDIATION_SEQUENCE,RESOLVED_MISCONCEPTION_WITH_TRANSFER,train
SEQ-005,STU_204,Electricity: Current Conservation,3,Step 1: Bulb 1 consumes current so Bulb 2 gets less -> Step 2: Current drops after each resistor because it is consumed -> Step 3: The first resistor in line always gets more current,MISC-ELEC-001: Current Attenuation / Consumption Model -> MISC-ELEC-001: Current Attenuation / Consumption Model -> MISC-ELEC-001: Current Attenuation / Consumption Model,RECURRENT_CURRENT_ATTENUATION_PATTERN,UNRESOLVED_PERSISTENT_MISCONCEPTION,train
SEQ-006,STU_205,Electricity: Parallel Circuits,2,"Step 1: Total current stays 2A because battery output is fixed -> Step 2: Battery current is constant, just divided",MISC-ELEC-002: Battery as Constant Current Source -> MISC-ELEC-002: Battery as Constant Current Source,RECURRENT_CONSTANT_CURRENT_BATTERY_PATTERN,UNRESOLVED_PERSISTENT_MISCONCEPTION,train
SEQ-007,STU_206,Optics: Half-Lens Aperture Remediation,3,Step 1: Bottom half of image disappears from screen -> Step 2: Rays from whole candle still reach open top half! Image is complete and dimmer -> Step 3: Entire image forms unbroken with slightly less brightness,MISC-OPT-001: Half-Lens Blocking Fallacy -> COGNITIVE_CONFLICT_RECONCILED -> CORRECT: Scientifically Accurate Response,SUCCESSFUL_COGNITIVE_REMEDIATION_SEQUENCE,RESOLVED_MISCONCEPTION_WITH_TRANSFER,train
SEQ-008,STU_207,Motion: Kinematics Operations,3,Step 1: 500 m/s; multiplied distance by time -> Step 2: 4500 m/s; speed = distance * time -> Step 3: 5000 m/s; distance * time,MISC-MOT-001: Speed Distance Operation Inversion -> MISC-MOT-001: Speed Distance Operation Inversion -> MISC-MOT-001: Speed Distance Operation Inversion,RECURRENT_SPEED_DISTANCE_INVERSION_PATTERN,UNRESOLVED_PERSISTENT_MISCONCEPTION,train
SEQ-009,STU_208,Motion: Speed vs Acceleration,2,Step 1: 20 m/s^2 because it is moving fast -> Step 2: 72 km/h^2 because high speed means acceleration,MISC-MOT-002: Speed-Acceleration Conflation -> MISC-MOT-002: Speed-Acceleration Conflation,RECURRENT_SPEED_ACCELERATION_CONFLATION,UNRESOLVED_PERSISTENT_MISCONCEPTION,train
SEQ-010,STU_209,Force & Laws of Motion: Inertia,2,"Step 1: Requires continuous force, otherwise it stops -> Step 2: Forward force must push it",MISC-FOR-001: Impetus Theory / Continuous Force Fallacy -> MISC-FOR-001: Impetus Theory / Continuous Force Fallacy,RECURRENT_IMPETUS_THEORY_PATTERN,UNRESOLVED_PERSISTENT_MISCONCEPTION,train
SEQ-011,STU_210,Gravitation: Free Fall Mass Independence,3,Step 1: 10 kg ball hits first because heavier falls faster -> Step 2: Both fall at exact same rate g = 9.8 m/s^2! Mass cancels out in a = F/m. -> Step 3: Both hit lunar surface simultaneously because acceleration g is independent of mass.,MISC-GRAV-001: Heavier Objects Fall Faster Fallacy -> COGNITIVE_CONFLICT_RECONCILED -> CORRECT: Scientifically Accurate Response,SUCCESSFUL_COGNITIVE_REMEDIATION_SEQUENCE,RESOLVED_MISCONCEPTION_WITH_TRANSFER,train
SEQ-012,STU_211,Electricity: Current Conservation,3,Step 1: Bulb 1 consumes current so Bulb 2 gets less -> Step 2: Current drops after each resistor because it is consumed -> Step 3: The first resistor in line always gets more current,MISC-ELEC-001: Current Attenuation / Consumption Model -> MISC-ELEC-001: Current Attenuation / Consumption Model -> MISC-ELEC-001: Current Attenuation / Consumption Model,RECURRENT_CURRENT_ATTENUATION_PATTERN,UNRESOLVED_PERSISTENT_MISCONCEPTION,train
SEQ-013,STU_212,Electricity: Parallel Circuits,2,"Step 1: Total current stays 2A because battery output is fixed -> Step 2: Battery current is constant, just divided",MISC-ELEC-002: Battery as Constant Current Source -> MISC-ELEC-002: Battery as Constant Current Source,RECURRENT_CONSTANT_CURRENT_BATTERY_PATTERN,UNRESOLVED_PERSISTENT_MISCONCEPTION,train
SEQ-014,STU_213,Optics: Half-Lens Aperture Remediation,3,Step 1: Bottom half of image disappears from screen -> Step 2: Rays from whole candle still reach open top half! Image is complete and dimmer -> Step 3: Entire image forms unbroken with slightly less brightness,MISC-OPT-001: Half-Lens Blocking Fallacy -> COGNITIVE_CONFLICT_RECONCILED -> CORRECT: Scientifically Accurate Response,SUCCESSFUL_COGNITIVE_REMEDIATION_SEQUENCE,RESOLVED_MISCONCEPTION_WITH_TRANSFER,train
SEQ-015,STU_214,Motion: Kinematics Operations,3,Step 1: 500 m/s; multiplied distance by time -> Step 2: 4500 m/s; speed = distance * time -> Step 3: 5000 m/s; distance * time,MISC-MOT-001: Speed Distance Operation Inversion -> MISC-MOT-001: Speed Distance Operation Inversion -> MISC-MOT-001: Speed Distance Operation Inversion,RECURRENT_SPEED_DISTANCE_INVERSION_PATTERN,UNRESOLVED_PERSISTENT_MISCONCEPTION,train
SEQ-016,STU_215,Motion: Speed vs Acceleration,2,Step 1: 20 m/s^2 because it is moving fast -> Step 2: 72 km/h^2 because high speed means acceleration,MISC-MOT-002: Speed-Acceleration Conflation -> MISC-MOT-002: Speed-Acceleration Conflation,RECURRENT_SPEED_ACCELERATION_CONFLATION,UNRESOLVED_PERSISTENT_MISCONCEPTION,train
SEQ-017,STU_216,Force & Laws of Motion: Inertia,2,"Step 1: Requires continuous force, otherwise it stops -> Step 2: Forward force must push it",MISC-FOR-001: Impetus Theory / Continuous Force Fallacy -> MISC-FOR-001: Impetus Theory / Continuous Force Fallacy,RECURRENT_IMPETUS_THEORY_PATTERN,UNRESOLVED_PERSISTENT_MISCONCEPTION,train
SEQ-018,STU_217,Gravitation: Free Fall Mass Independence,3,Step 1: 10 kg ball hits first because heavier falls faster -> Step 2: Both fall at exact same rate g = 9.8 m/s^2! Mass cancels out in a = F/m. -> Step 3: Both hit lunar surface simultaneously because acceleration g is independent of mass.,MISC-GRAV-001: Heavier Objects Fall Faster Fallacy -> COGNITIVE_CONFLICT_RECONCILED -> CORRECT: Scientifically Accurate Response,SUCCESSFUL_COGNITIVE_REMEDIATION_SEQUENCE,RESOLVED_MISCONCEPTION_WITH_TRANSFER,train
SEQ-019,STU_218,Electricity: Current Conservation,3,Step 1: Bulb 1 consumes current so Bulb 2 gets less -> Step 2: Current drops after each resistor because it is consumed -> Step 3: The first resistor in line always gets more current,MISC-ELEC-001: Current Attenuation / Consumption Model -> MISC-ELEC-001: Current Attenuation / Consumption Model -> MISC-ELEC-001: Current Attenuation / Consumption Model,RECURRENT_CURRENT_ATTENUATION_PATTERN,UNRESOLVED_PERSISTENT_MISCONCEPTION,train
SEQ-020,STU_219,Electricity: Parallel Circuits,2,"Step 1: Total current stays 2A because battery output is fixed -> Step 2: Battery current is constant, just divided",MISC-ELEC-002: Battery as Constant Current Source -> MISC-ELEC-002: Battery as Constant Current Source,RECURRENT_CONSTANT_CURRENT_BATTERY_PATTERN,UNRESOLVED_PERSISTENT_MISCONCEPTION,train
SEQ-021,STU_220,Optics: Half-Lens Aperture Remediation,3,Step 1: Bottom half of image disappears from screen -> Step 2: Rays from whole candle still reach open top half! Image is complete and dimmer -> Step 3: Entire image forms unbroken with slightly less brightness,MISC-OPT-001: Half-Lens Blocking Fallacy -> COGNITIVE_CONFLICT_RECONCILED -> CORRECT: Scientifically Accurate Response,SUCCESSFUL_COGNITIVE_REMEDIATION_SEQUENCE,RESOLVED_MISCONCEPTION_WITH_TRANSFER,train
SEQ-022,STU_221,Motion: Kinematics Operations,3,Step 1: 500 m/s; multiplied distance by time -> Step 2: 4500 m/s; speed = distance * time -> Step 3: 5000 m/s; distance * time,MISC-MOT-001: Speed Distance Operation Inversion -> MISC-MOT-001: Speed Distance Operation Inversion -> MISC-MOT-001: Speed Distance Operation Inversion,RECURRENT_SPEED_DISTANCE_INVERSION_PATTERN,UNRESOLVED_PERSISTENT_MISCONCEPTION,train
SEQ-023,STU_222,Motion: Speed vs Acceleration,2,Step 1: 20 m/s^2 because it is moving fast -> Step 2: 72 km/h^2 because high speed means acceleration,MISC-MOT-002: Speed-Acceleration Conflation -> MISC-MOT-002: Speed-Acceleration Conflation,RECURRENT_SPEED_ACCELERATION_CONFLATION,UNRESOLVED_PERSISTENT_MISCONCEPTION,train
SEQ-024,STU_223,Force & Laws of Motion: Inertia,2,"Step 1: Requires continuous force, otherwise it stops -> Step 2: Forward force must push it",MISC-FOR-001: Impetus Theory / Continuous Force Fallacy -> MISC-FOR-001: Impetus Theory / Continuous Force Fallacy,RECURRENT_IMPETUS_THEORY_PATTERN,UNRESOLVED_PERSISTENT_MISCONCEPTION,train
SEQ-025,STU_224,Gravitation: Free Fall Mass Independence,3,Step 1: 10 kg ball hits first because heavier falls faster -> Step 2: Both fall at exact same rate g = 9.8 m/s^2! Mass cancels out in a = F/m. -> Step 3: Both hit lunar surface simultaneously because acceleration g is independent of mass.,MISC-GRAV-001: Heavier Objects Fall Faster Fallacy -> COGNITIVE_CONFLICT_RECONCILED -> CORRECT: Scientifically Accurate Response,SUCCESSFUL_COGNITIVE_REMEDIATION_SEQUENCE,RESOLVED_MISCONCEPTION_WITH_TRANSFER,train
SEQ-026,STU_225,Electricity: Current Conservation,3,Step 1: Bulb 1 consumes current so Bulb 2 gets less -> Step 2: Current drops after each resistor because it is consumed -> Step 3: The first resistor in line always gets more current,MISC-ELEC-001: Current Attenuation / Consumption Model -> MISC-ELEC-001: Current Attenuation / Consumption Model -> MISC-ELEC-001: Current Attenuation / Consumption Model,RECURRENT_CURRENT_ATTENUATION_PATTERN,UNRESOLVED_PERSISTENT_MISCONCEPTION,train
SEQ-027,STU_226,Electricity: Parallel Circuits,2,"Step 1: Total current stays 2A because battery output is fixed -> Step 2: Battery current is constant, just divided",MISC-ELEC-002: Battery as Constant Current Source -> MISC-ELEC-002: Battery as Constant Current Source,RECURRENT_CONSTANT_CURRENT_BATTERY_PATTERN,UNRESOLVED_PERSISTENT_MISCONCEPTION,train
SEQ-028,STU_227,Optics: Half-Lens Aperture Remediation,3,Step 1: Bottom half of image disappears from screen -> Step 2: Rays from whole candle still reach open top half! Image is complete and dimmer -> Step 3: Entire image forms unbroken with slightly less brightness,MISC-OPT-001: Half-Lens Blocking Fallacy -> COGNITIVE_CONFLICT_RECONCILED -> CORRECT: Scientifically Accurate Response,SUCCESSFUL_COGNITIVE_REMEDIATION_SEQUENCE,RESOLVED_MISCONCEPTION_WITH_TRANSFER,train
SEQ-029,STU_228,Motion: Kinematics Operations,3,Step 1: 500 m/s; multiplied distance by time -> Step 2: 4500 m/s; speed = distance * time -> Step 3: 5000 m/s; distance * time,MISC-MOT-001: Speed Distance Operation Inversion -> MISC-MOT-001: Speed Distance Operation Inversion -> MISC-MOT-001: Speed Distance Operation Inversion,RECURRENT_SPEED_DISTANCE_INVERSION_PATTERN,UNRESOLVED_PERSISTENT_MISCONCEPTION,train
SEQ-030,STU_229,Motion: Speed vs Acceleration,2,Step 1: 20 m/s^2 because it is moving fast -> Step 2: 72 km/h^2 because high speed means acceleration,MISC-MOT-002: Speed-Acceleration Conflation -> MISC-MOT-002: Speed-Acceleration Conflation,RECURRENT_SPEED_ACCELERATION_CONFLATION,UNRESOLVED_PERSISTENT_MISCONCEPTION,train
SEQ-031,STU_230,Force & Laws of Motion: Inertia,2,"Step 1: Requires continuous force, otherwise it stops -> Step 2: Forward force must push it",MISC-FOR-001: Impetus Theory / Continuous Force Fallacy -> MISC-FOR-001: Impetus Theory / Continuous Force Fallacy,RECURRENT_IMPETUS_THEORY_PATTERN,UNRESOLVED_PERSISTENT_MISCONCEPTION,train
SEQ-032,STU_231,Gravitation: Free Fall Mass Independence,3,Step 1: 10 kg ball hits first because heavier falls faster -> Step 2: Both fall at exact same rate g = 9.8 m/s^2! Mass cancels out in a = F/m. -> Step 3: Both hit lunar surface simultaneously because acceleration g is independent of mass.,MISC-GRAV-001: Heavier Objects Fall Faster Fallacy -> COGNITIVE_CONFLICT_RECONCILED -> CORRECT: Scientifically Accurate Response,SUCCESSFUL_COGNITIVE_REMEDIATION_SEQUENCE,RESOLVED_MISCONCEPTION_WITH_TRANSFER,train
SEQ-033,STU_232,Electricity: Current Conservation,3,Step 1: Bulb 1 consumes current so Bulb 2 gets less -> Step 2: Current drops after each resistor because it is consumed -> Step 3: The first resistor in line always gets more current,MISC-ELEC-001: Current Attenuation / Consumption Model -> MISC-ELEC-001: Current Attenuation / Consumption Model -> MISC-ELEC-001: Current Attenuation / Consumption Model,RECURRENT_CURRENT_ATTENUATION_PATTERN,UNRESOLVED_PERSISTENT_MISCONCEPTION,train
SEQ-034,STU_233,Electricity: Parallel Circuits,2,"Step 1: Total current stays 2A because battery output is fixed -> Step 2: Battery current is constant, just divided",MISC-ELEC-002: Battery as Constant Current Source -> MISC-ELEC-002: Battery as Constant Current Source,RECURRENT_CONSTANT_CURRENT_BATTERY_PATTERN,UNRESOLVED_PERSISTENT_MISCONCEPTION,train
SEQ-035,STU_234,Optics: Half-Lens Aperture Remediation,3,Step 1: Bottom half of image disappears from screen -> Step 2: Rays from whole candle still reach open top half! Image is complete and dimmer -> Step 3: Entire image forms unbroken with slightly less brightness,MISC-OPT-001: Half-Lens Blocking Fallacy -> COGNITIVE_CONFLICT_RECONCILED -> CORRECT: Scientifically Accurate Response,SUCCESSFUL_COGNITIVE_REMEDIATION_SEQUENCE,RESOLVED_MISCONCEPTION_WITH_TRANSFER,train
SEQ-036,STU_235,Motion: Kinematics Operations,3,Step 1: 500 m/s; multiplied distance by time -> Step 2: 4500 m/s; speed = distance * time -> Step 3: 5000 m/s; distance * time,MISC-MOT-001: Speed Distance Operation Inversion -> MISC-MOT-001: Speed Distance Operation Inversion -> MISC-MOT-001: Speed Distance Operation Inversion,RECURRENT_SPEED_DISTANCE_INVERSION_PATTERN,UNRESOLVED_PERSISTENT_MISCONCEPTION,train
SEQ-037,STU_236,Motion: Speed vs Acceleration,2,Step 1: 20 m/s^2 because it is moving fast -> Step 2: 72 km/h^2 because high speed means acceleration,MISC-MOT-002: Speed-Acceleration Conflation -> MISC-MOT-002: Speed-Acceleration Conflation,RECURRENT_SPEED_ACCELERATION_CONFLATION,UNRESOLVED_PERSISTENT_MISCONCEPTION,train
SEQ-038,STU_237,Force & Laws of Motion: Inertia,2,"Step 1: Requires continuous force, otherwise it stops -> Step 2: Forward force must push it",MISC-FOR-001: Impetus Theory / Continuous Force Fallacy -> MISC-FOR-001: Impetus Theory / Continuous Force Fallacy,RECURRENT_IMPETUS_THEORY_PATTERN,UNRESOLVED_PERSISTENT_MISCONCEPTION,train
SEQ-039,STU_238,Gravitation: Free Fall Mass Independence,3,Step 1: 10 kg ball hits first because heavier falls faster -> Step 2: Both fall at exact same rate g = 9.8 m/s^2! Mass cancels out in a = F/m. -> Step 3: Both hit lunar surface simultaneously because acceleration g is independent of mass.,MISC-GRAV-001: Heavier Objects Fall Faster Fallacy -> COGNITIVE_CONFLICT_RECONCILED -> CORRECT: Scientifically Accurate Response,SUCCESSFUL_COGNITIVE_REMEDIATION_SEQUENCE,RESOLVED_MISCONCEPTION_WITH_TRANSFER,train
SEQ-040,STU_239,Electricity: Current Conservation,3,Step 1: Bulb 1 consumes current so Bulb 2 gets less -> Step 2: Current drops after each resistor because it is consumed -> Step 3: The first resistor in line always gets more current,MISC-ELEC-001: Current Attenuation / Consumption Model -> MISC-ELEC-001: Current Attenuation / Consumption Model -> MISC-ELEC-001: Current Attenuation / Consumption Model,RECURRENT_CURRENT_ATTENUATION_PATTERN,UNRESOLVED_PERSISTENT_MISCONCEPTION,train
SEQ-041,STU_240,Electricity: Parallel Circuits,2,"Step 1: Total current stays 2A because battery output is fixed -> Step 2: Battery current is constant, just divided",MISC-ELEC-002: Battery as Constant Current Source -> MISC-ELEC-002: Battery as Constant Current Source,RECURRENT_CONSTANT_CURRENT_BATTERY_PATTERN,UNRESOLVED_PERSISTENT_MISCONCEPTION,train
SEQ-042,STU_241,Optics: Half-Lens Aperture Remediation,3,Step 1: Bottom half of image disappears from screen -> Step 2: Rays from whole candle still reach open top half! Image is complete and dimmer -> Step 3: Entire image forms unbroken with slightly less brightness,MISC-OPT-001: Half-Lens Blocking Fallacy -> COGNITIVE_CONFLICT_RECONCILED -> CORRECT: Scientifically Accurate Response,SUCCESSFUL_COGNITIVE_REMEDIATION_SEQUENCE,RESOLVED_MISCONCEPTION_WITH_TRANSFER,train
SEQ-043,STU_242,Motion: Kinematics Operations,3,Step 1: 500 m/s; multiplied distance by time -> Step 2: 4500 m/s; speed = distance * time -> Step 3: 5000 m/s; distance * time,MISC-MOT-001: Speed Distance Operation Inversion -> MISC-MOT-001: Speed Distance Operation Inversion -> MISC-MOT-001: Speed Distance Operation Inversion,RECURRENT_SPEED_DISTANCE_INVERSION_PATTERN,UNRESOLVED_PERSISTENT_MISCONCEPTION,val
SEQ-044,STU_243,Motion: Speed vs Acceleration,2,Step 1: 20 m/s^2 because it is moving fast -> Step 2: 72 km/h^2 because high speed means acceleration,MISC-MOT-002: Speed-Acceleration Conflation -> MISC-MOT-002: Speed-Acceleration Conflation,RECURRENT_SPEED_ACCELERATION_CONFLATION,UNRESOLVED_PERSISTENT_MISCONCEPTION,val
SEQ-045,STU_244,Force & Laws of Motion: Inertia,2,"Step 1: Requires continuous force, otherwise it stops -> Step 2: Forward force must push it",MISC-FOR-001: Impetus Theory / Continuous Force Fallacy -> MISC-FOR-001: Impetus Theory / Continuous Force Fallacy,RECURRENT_IMPETUS_THEORY_PATTERN,UNRESOLVED_PERSISTENT_MISCONCEPTION,val
SEQ-046,STU_245,Gravitation: Free Fall Mass Independence,3,Step 1: 10 kg ball hits first because heavier falls faster -> Step 2: Both fall at exact same rate g = 9.8 m/s^2! Mass cancels out in a = F/m. -> Step 3: Both hit lunar surface simultaneously because acceleration g is independent of mass.,MISC-GRAV-001: Heavier Objects Fall Faster Fallacy -> COGNITIVE_CONFLICT_RECONCILED -> CORRECT: Scientifically Accurate Response,SUCCESSFUL_COGNITIVE_REMEDIATION_SEQUENCE,RESOLVED_MISCONCEPTION_WITH_TRANSFER,val
SEQ-047,STU_246,Electricity: Current Conservation,3,Step 1: Bulb 1 consumes current so Bulb 2 gets less -> Step 2: Current drops after each resistor because it is consumed -> Step 3: The first resistor in line always gets more current,MISC-ELEC-001: Current Attenuation / Consumption Model -> MISC-ELEC-001: Current Attenuation / Consumption Model -> MISC-ELEC-001: Current Attenuation / Consumption Model,RECURRENT_CURRENT_ATTENUATION_PATTERN,UNRESOLVED_PERSISTENT_MISCONCEPTION,val
SEQ-048,STU_247,Electricity: Parallel Circuits,2,"Step 1: Total current stays 2A because battery output is fixed -> Step 2: Battery current is constant, just divided",MISC-ELEC-002: Battery as Constant Current Source -> MISC-ELEC-002: Battery as Constant Current Source,RECURRENT_CONSTANT_CURRENT_BATTERY_PATTERN,UNRESOLVED_PERSISTENT_MISCONCEPTION,val
SEQ-049,STU_248,Optics: Half-Lens Aperture Remediation,3,Step 1: Bottom half of image disappears from screen -> Step 2: Rays from whole candle still reach open top half! Image is complete and dimmer -> Step 3: Entire image forms unbroken with slightly less brightness,MISC-OPT-001: Half-Lens Blocking Fallacy -> COGNITIVE_CONFLICT_RECONCILED -> CORRECT: Scientifically Accurate Response,SUCCESSFUL_COGNITIVE_REMEDIATION_SEQUENCE,RESOLVED_MISCONCEPTION_WITH_TRANSFER,val
SEQ-050,STU_249,Motion: Kinematics Operations,3,Step 1: 500 m/s; multiplied distance by time -> Step 2: 4500 m/s; speed = distance * time -> Step 3: 5000 m/s; distance * time,MISC-MOT-001: Speed Distance Operation Inversion -> MISC-MOT-001: Speed Distance Operation Inversion -> MISC-MOT-001: Speed Distance Operation Inversion,RECURRENT_SPEED_DISTANCE_INVERSION_PATTERN,UNRESOLVED_PERSISTENT_MISCONCEPTION,val
SEQ-051,STU_250,Motion: Speed vs Acceleration,2,Step 1: 20 m/s^2 because it is moving fast -> Step 2: 72 km/h^2 because high speed means acceleration,MISC-MOT-002: Speed-Acceleration Conflation -> MISC-MOT-002: Speed-Acceleration Conflation,RECURRENT_SPEED_ACCELERATION_CONFLATION,UNRESOLVED_PERSISTENT_MISCONCEPTION,val
SEQ-052,STU_251,Force & Laws of Motion: Inertia,2,"Step 1: Requires continuous force, otherwise it stops -> Step 2: Forward force must push it",MISC-FOR-001: Impetus Theory / Continuous Force Fallacy -> MISC-FOR-001: Impetus Theory / Continuous Force Fallacy,RECURRENT_IMPETUS_THEORY_PATTERN,UNRESOLVED_PERSISTENT_MISCONCEPTION,test
SEQ-053,STU_252,Gravitation: Free Fall Mass Independence,3,Step 1: 10 kg ball hits first because heavier falls faster -> Step 2: Both fall at exact same rate g = 9.8 m/s^2! Mass cancels out in a = F/m. -> Step 3: Both hit lunar surface simultaneously because acceleration g is independent of mass.,MISC-GRAV-001: Heavier Objects Fall Faster Fallacy -> COGNITIVE_CONFLICT_RECONCILED -> CORRECT: Scientifically Accurate Response,SUCCESSFUL_COGNITIVE_REMEDIATION_SEQUENCE,RESOLVED_MISCONCEPTION_WITH_TRANSFER,test
SEQ-054,STU_253,Electricity: Current Conservation,3,Step 1: Bulb 1 consumes current so Bulb 2 gets less -> Step 2: Current drops after each resistor because it is consumed -> Step 3: The first resistor in line always gets more current,MISC-ELEC-001: Current Attenuation / Consumption Model -> MISC-ELEC-001: Current Attenuation / Consumption Model -> MISC-ELEC-001: Current Attenuation / Consumption Model,RECURRENT_CURRENT_ATTENUATION_PATTERN,UNRESOLVED_PERSISTENT_MISCONCEPTION,test
SEQ-055,STU_254,Electricity: Parallel Circuits,2,"Step 1: Total current stays 2A because battery output is fixed -> Step 2: Battery current is constant, just divided",MISC-ELEC-002: Battery as Constant Current Source -> MISC-ELEC-002: Battery as Constant Current Source,RECURRENT_CONSTANT_CURRENT_BATTERY_PATTERN,UNRESOLVED_PERSISTENT_MISCONCEPTION,test
SEQ-056,STU_255,Optics: Half-Lens Aperture Remediation,3,Step 1: Bottom half of image disappears from screen -> Step 2: Rays from whole candle still reach open top half! Image is complete and dimmer -> Step 3: Entire image forms unbroken with slightly less brightness,MISC-OPT-001: Half-Lens Blocking Fallacy -> COGNITIVE_CONFLICT_RECONCILED -> CORRECT: Scientifically Accurate Response,SUCCESSFUL_COGNITIVE_REMEDIATION_SEQUENCE,RESOLVED_MISCONCEPTION_WITH_TRANSFER,test
SEQ-057,STU_256,Motion: Kinematics Operations,3,Step 1: 500 m/s; multiplied distance by time -> Step 2: 4500 m/s; speed = distance * time -> Step 3: 5000 m/s; distance * time,MISC-MOT-001: Speed Distance Operation Inversion -> MISC-MOT-001: Speed Distance Operation Inversion -> MISC-MOT-001: Speed Distance Operation Inversion,RECURRENT_SPEED_DISTANCE_INVERSION_PATTERN,UNRESOLVED_PERSISTENT_MISCONCEPTION,test
SEQ-058,STU_257,Motion: Speed vs Acceleration,2,Step 1: 20 m/s^2 because it is moving fast -> Step 2: 72 km/h^2 because high speed means acceleration,MISC-MOT-002: Speed-Acceleration Conflation -> MISC-MOT-002: Speed-Acceleration Conflation,RECURRENT_SPEED_ACCELERATION_CONFLATION,UNRESOLVED_PERSISTENT_MISCONCEPTION,test
SEQ-059,STU_258,Force & Laws of Motion: Inertia,2,"Step 1: Requires continuous force, otherwise it stops -> Step 2: Forward force must push it",MISC-FOR-001: Impetus Theory / Continuous Force Fallacy -> MISC-FOR-001: Impetus Theory / Continuous Force Fallacy,RECURRENT_IMPETUS_THEORY_PATTERN,UNRESOLVED_PERSISTENT_MISCONCEPTION,test
SEQ-060,STU_259,Gravitation: Free Fall Mass Independence,3,Step 1: 10 kg ball hits first because heavier falls faster -> Step 2: Both fall at exact same rate g = 9.8 m/s^2! Mass cancels out in a = F/m. -> Step 3: Both hit lunar surface simultaneously because acceleration g is independent of mass.,MISC-GRAV-001: Heavier Objects Fall Faster Fallacy -> COGNITIVE_CONFLICT_RECONCILED -> CORRECT: Scientifically Accurate Response,SUCCESSFUL_COGNITIVE_REMEDIATION_SEQUENCE,RESOLVED_MISCONCEPTION_WITH_TRANSFER,test
